-- ==============================
-- TABLAS CON SOFT DELETE (deleted_at)
-- ==============================

CREATE TABLE "adjuntos_pq" (
  "id" SERIAL PRIMARY KEY,
  "pq_id" INTEGER NOT NULL,
  "nombre_archivo" VARCHAR NOT NULL,
  "ruta_archivo" VARCHAR NOT NULL,
  "created_at" TIMESTAMP,
  "respuesta" BOOLEAN,
  "deleted_at" TIMESTAMP NULL
);

CREATE TABLE "areas_resp" (
  "id" SERIAL PRIMARY KEY,
  "codigo_dep" VARCHAR NOT NULL,
  "nombre" VARCHAR NOT NULL,
  "deleted_at" TIMESTAMP NULL
);

CREATE TABLE "personas" (
  "id" SERIAL PRIMARY KEY,
  "nombre" VARCHAR NOT NULL,
  "apellido" VARCHAR NOT NULL,
  "tipo_doc" INTEGER,
  "dni" VARCHAR NOT NULL,
  "fecha_nacimiento" DATE,
  "tipo_persona" INTEGER,
  "telefono" VARCHAR NOT NULL,
  "direccion" VARCHAR,
  "tratamiento_datos" BOOLEAN NOT NULL,
  "municipio_id" INTEGER,
  "genero" INTEGER NOT NULL,
  "created_at" TIMESTAMP,
  "updated_at" TIMESTAMP,
  "deleted_at" TIMESTAMP NULL
);

CREATE TABLE "pqs" (
  "id" SERIAL PRIMARY KEY,
  "numero_radicado" VARCHAR,
  "detalle_asunto" TEXT NOT NULL,
  "tipo_pq_id" INTEGER,
  "solicitante_id" INTEGER,
  "fecha_radicacion" DATE,
  "hora_radicacion" TIME,
  "fecha_resolucion_estimada" DATE,
  "fecha_resolucion" DATE,
  "radicador_id" INTEGER,
  "responsable_id" INTEGER,
  "web" BOOLEAN NOT NULL,
  "respuesta" TEXT,
  "detalle_descripcion" VARCHAR,
  "deleted_at" TIMESTAMP NULL
);

CREATE TABLE "historial_estados_pq" (
  "id" SERIAL PRIMARY KEY,
  "pq_id" INTEGER NOT NULL,
  "estado_id" INTEGER NOT NULL,
  "cambiado_por_id" INTEGER,
  "observacion" TEXT,
  "fecha_cambio" TIMESTAMP,
  "deleted_at" TIMESTAMP NULL
);

CREATE TABLE "responsables_pq" (
  "id" SERIAL PRIMARY KEY,
  "persona_responsable_id" INTEGER,
  "area_id" INTEGER,
  "fecha_asignacion" TIMESTAMP,
  "is_active" BOOLEAN,
  "deleted_at" TIMESTAMP NULL
);

CREATE TABLE "usuarios" (
  "id" SERIAL PRIMARY KEY,
  "correo" VARCHAR NOT NULL,
  "contrasena" VARCHAR NOT NULL,
  "is_enable" BOOLEAN,
  "reset_token" VARCHAR,
  "reset_token_expiration" TIMESTAMP,
  "persona_id" INTEGER,
  "rol_id" INTEGER,
  "created_at" TIMESTAMP,
  "updated_at" TIMESTAMP,
  "deleted_at" TIMESTAMP NULL
);

-- ==============================
-- TABLAS SIN SOFT DELETE (base del sistema)
-- ==============================

CREATE TABLE "audit_log" (
  "id" SERIAL PRIMARY KEY,
  "username" VARCHAR,
  "action" VARCHAR,
  "method" VARCHAR,
  "endpoint" TEXT,
  "status_code" INTEGER,
  "timestamp" TIMESTAMP
);

CREATE TABLE "departamentos" (
  "id" SERIAL PRIMARY KEY,
  "nombre" VARCHAR,
  "codigo_dane" VARCHAR
);

CREATE TABLE "estados_pq" (
  "id" SERIAL PRIMARY KEY,
  "nombre" VARCHAR NOT NULL,
  "color" VARCHAR,
  "descripcion" VARCHAR
);

CREATE TABLE "generos" (
  "id" SERIAL PRIMARY KEY,
  "nombre" VARCHAR NOT NULL
);

CREATE TABLE "municipios" (
  "id" SERIAL PRIMARY KEY,
  "nombre" VARCHAR,
  "codigo_dane" VARCHAR,
  "departamento_id" INTEGER NOT NULL
);

CREATE TABLE "permisos" (
  "id" SERIAL PRIMARY KEY,
  "tabla" VARCHAR NOT NULL,
  "accion" VARCHAR NOT NULL,
  "descripcion" TEXT
);

CREATE TABLE "roles" (
  "id" SERIAL PRIMARY KEY,
  "nombre" VARCHAR NOT NULL,
  "created_at" DATE DEFAULT CURRENT_DATE,
  "updated_at" DATE,
  "descripcion" VARCHAR
);

CREATE TABLE "roles_permisos" (
  "id" SERIAL PRIMARY KEY,
  "rol_id" INTEGER,
  "permiso_id" INTEGER
);

CREATE TABLE "tipos_docs" (
  "id" SERIAL PRIMARY KEY,
  "nombre" VARCHAR NOT NULL
);

CREATE TABLE "tipos_personas" (
  "id" SERIAL PRIMARY KEY,
  "nombre" VARCHAR NOT NULL
);

CREATE TABLE "tipos_pq" (
  "id" SERIAL PRIMARY KEY,
  "nombre" VARCHAR NOT NULL,
  "dias_habiles_respuesta" INTEGER NOT NULL
);

-- ==============================
-- RELACIONES FK
-- ==============================

ALTER TABLE "adjuntos_pq" ADD FOREIGN KEY ("pq_id") REFERENCES "pqs" ("id");
ALTER TABLE "municipios" ADD FOREIGN KEY ("departamento_id") REFERENCES "departamentos" ("id");
ALTER TABLE "personas" ADD FOREIGN KEY ("tipo_doc") REFERENCES "tipos_docs" ("id");
ALTER TABLE "personas" ADD FOREIGN KEY ("tipo_persona") REFERENCES "tipos_personas" ("id");
ALTER TABLE "personas" ADD FOREIGN KEY ("municipio_id") REFERENCES "municipios" ("id");
ALTER TABLE "personas" ADD FOREIGN KEY ("genero") REFERENCES "generos" ("id");
ALTER TABLE "pqs" ADD FOREIGN KEY ("tipo_pq_id") REFERENCES "tipos_pq" ("id");
ALTER TABLE "pqs" ADD FOREIGN KEY ("solicitante_id") REFERENCES "personas" ("id");
ALTER TABLE "pqs" ADD FOREIGN KEY ("radicador_id") REFERENCES "usuarios" ("id");
ALTER TABLE "pqs" ADD FOREIGN KEY ("responsable_id") REFERENCES "usuarios" ("id");
ALTER TABLE "historial_estados_pq" ADD FOREIGN KEY ("pq_id") REFERENCES "pqs" ("id");
ALTER TABLE "historial_estados_pq" ADD FOREIGN KEY ("estado_id") REFERENCES "estados_pq" ("id");
ALTER TABLE "historial_estados_pq" ADD FOREIGN KEY ("cambiado_por_id") REFERENCES "usuarios" ("id");
ALTER TABLE "roles_permisos" ADD FOREIGN KEY ("rol_id") REFERENCES "roles" ("id");
ALTER TABLE "roles_permisos" ADD FOREIGN KEY ("permiso_id") REFERENCES "permisos" ("id");
ALTER TABLE "usuarios" ADD FOREIGN KEY ("persona_id") REFERENCES "personas" ("id");
ALTER TABLE "usuarios" ADD FOREIGN KEY ("rol_id") REFERENCES "roles" ("id");
ALTER TABLE "responsables_pq" ADD FOREIGN KEY ("persona_responsable_id") REFERENCES "personas" ("id");
ALTER TABLE "responsables_pq" ADD FOREIGN KEY ("area_id") REFERENCES "areas_resp" ("id");

-- ==============================
-- VISTAS (sin cambios)
-- ==============================

CREATE OR REPLACE VIEW vista_resumen_radicador AS
SELECT
    p.radicador_id,
    COUNT(*) FILTER (WHERE he.estado_id IN (1, 2, 3, 4)) AS radicadas,   -- Estados 1 a 4
    COUNT(*) FILTER (WHERE he.estado_id = 2) AS asignadas,               -- Estado 2
    COUNT(*) FILTER (WHERE he.estado_id = 3) AS rechazadas,              -- Estado 4
    COUNT(*) FILTER (WHERE he.estado_id = 1) AS por_asignar              -- Estado 1
FROM pqs p
LEFT JOIN historial_estados_pq he
    ON he.pq_id = p.id
WHERE
    p.deleted_at IS NULL
    AND he.deleted_at IS NULL
    AND he.fecha_cambio = (
    SELECT MAX(he2.fecha_cambio)
    FROM historial_estados_pq he2
    WHERE he2.pq_id = p.id
            AND he2.deleted_at IS NULL
)
GROUP BY p.radicador_id;

CREATE OR REPLACE VIEW vista_conteo_pq AS
SELECT
    p.solicitante_id,
    COUNT(*) FILTER (WHERE ult.estado_id = 4) AS resueltas,   -- Cerrada
    COUNT(*) FILTER (WHERE ult.estado_id = 3) AS rechazadas,  -- Rechazada
    COUNT(*) FILTER (WHERE ult.estado_id IN (1, 2)) AS pendientes  -- Radicada o Asignada
FROM pqs p
JOIN LATERAL (
    SELECT he.estado_id
    FROM historial_estados_pq he
    WHERE he.pq_id = p.id
      AND he.deleted_at IS NULL       -- Ignorar historiales eliminados (soft delete)
    ORDER BY he.fecha_cambio DESC
    LIMIT 1
) ult ON true
WHERE
    p.solicitante_id IS NOT NULL
    AND p.deleted_at IS NULL          -- Ignorar PQs eliminadas
GROUP BY p.solicitante_id;


INSERT INTO estados_pq (id, nombre, color, descripcion) VALUES
(1, 'Radicada', '#f3991b', 'Estado que sirve para denotar que una petición ya fue registrada en el sistema'),
(2, 'Asignada', '#3B82F6', 'Estado que indica que la petición ha sido asignada a un responsable para su gestión'),
(3, 'Rechazada', '#EF4444', 'Estado que señala que la petición fue revisada y no aprobada o no procede'),
(4, 'Cerrada',   '#10B981', 'Estado que indica que la petición ha sido atendida y finalizada exitosamente');
-- Asegura que la secuencia del SERIAL continúe después del último id insertado
ALTER SEQUENCE estados_pq_id_seq RESTART WITH 5;

INSERT INTO roles (id, nombre, created_at, updated_at, descripcion) VALUES
(1, 'Admin', NULL, '2025-10-26', 'Rol diseñado para el administrador del sistema'),
(2, 'Funcionario STTG', NULL, '2025-10-20', 'Rol para las personas que realizan la resolución de las solicitudes'),
(3, 'Asignador STTG', NULL, '2025-10-26', 'Rol diseñado para el acceso al dashboard de radicación'),
(4, 'Usuario', NULL, '2025-10-23', 'Rol definido para los usuarios del aplicativo web');
-- Ajustar la secuencia para continuar después del último ID insertado
ALTER SEQUENCE roles_id_seq RESTART WITH 6;

INSERT INTO tipos_docs (nombre) VALUES
('Cédula de Ciudadanía'),
('Tarjeta de Identidad'),
('Registro Civil de Nacimiento'),
('Cédula de Extranjería'),
('Pasaporte'),
('Número de Identificación Tributaria (NIT)'),
('Permiso Especial de Permanencia (PEP)'),
('Permiso por Protección Temporal (PPT)'),
('Documento Nacional de Identidad (DNI) extranjero'),
('Salvoconducto de Permanencia');

INSERT INTO tipos_personas (nombre) VALUES
('Natural'),
('Jurídica');

INSERT INTO generos (nombre) VALUES
('Hombre'),
('Mujer');


INSERT INTO permisos (id, tabla, accion, descripcion) VALUES
(1, 'usuarios', 'agregar', 'Permite agregar usuarios'),
(2, 'usuarios', 'modificar', 'Permite modificar usuarios'),
(3, 'usuarios', 'eliminar', 'Permite eliminar usuarios'),
(4, 'usuarios', 'leer', 'Permite ver usuarios'),
(5, 'roles', 'agregar', 'Permite agregar roles'),
(6, 'roles', 'modificar', 'Permite modificar roles'),
(7, 'roles', 'eliminar', 'Permite eliminar roles'),
(8, 'roles', 'leer', 'Permite ver roles'),
(9, 'areas_responsables', 'agregar', 'Permite agregar áreas responsables'),
(10, 'areas_responsables', 'modificar', 'Permite modificar áreas responsables'),
(11, 'areas_responsables', 'eliminar', 'Permite eliminar áreas responsables'),
(12, 'areas_responsables', 'leer', 'Permite ver áreas responsables'),
(13, 'departamentos', 'agregar', 'Permite agregar departamentos'),
(14, 'departamentos', 'modificar', 'Permite modificar departamentos'),
(15, 'departamentos', 'eliminar', 'Permite eliminar departamentos'),
(16, 'departamentos', 'leer', 'Permite ver departamentos'),
(17, 'pqs', 'agregar', 'Permite agregar PQRs'),
(18, 'pqs', 'modificar', 'Permite modificar PQRs'),
(19, 'pqs', 'eliminar', 'Permite eliminar PQRs'),
(20, 'pqs', 'leer', 'Permite ver PQRs'),
(21, 'historial_estados', 'agregar', 'Permite agregar historial de estados de PQRs'),
(22, 'historial_estados', 'modificar', 'Permite modificar historial de estados de PQRs'),
(23, 'historial_estados', 'eliminar', 'Permite eliminar historial de estados de PQRs'),
(24, 'historial_estados', 'leer', 'Permite ver historial de estados de PQRs'),
(25, 'usuario', 'dashboard', 'Permite acceder al dashboard de gestión de PQRs'),
(26, 'funcionario', 'dashboard', 'Permite acceder al dashboard de estadísticas'),
(27, 'admin', 'dashboard', 'Permite acceder al dashboard de administración'),
(30, 'asignador', 'dashboard', 'Permite acceder al dashboard de radicacion'),
(32, 'adjuntos_pq', 'agregar', 'Permite agregar adjuntos de PQRs'),
(33, 'adjuntos_pq', 'modificar', 'Permite modificar adjuntos de PQRs'),
(34, 'adjuntos_pq', 'eliminar', 'Permite eliminar adjuntos de PQRs'),
(35, 'adjuntos_pq', 'leer', 'Permite ver adjuntos de PQRs'),
(36, 'estados_pqs', 'agregar', 'Permite agregar estados de PQRs'),
(37, 'estados_pqs', 'modificar', 'Permite modificar estados de PQRs'),
(38, 'estados_pqs', 'eliminar', 'Permite eliminar estados de PQRs'),
(39, 'estados_pqs', 'leer', 'Permite ver estados de PQRs'),
(40, 'generos', 'agregar', 'Permite agregar géneros'),
(41, 'generos', 'modificar', 'Permite modificar géneros'),
(42, 'generos', 'eliminar', 'Permite eliminar géneros'),
(43, 'generos', 'leer', 'Permite ver géneros'),
(44, 'municipios', 'agregar', 'Permite agregar municipios'),
(45, 'municipios', 'modificar', 'Permite modificar municipios'),
(46, 'municipios', 'eliminar', 'Permite eliminar municipios'),
(47, 'municipios', 'leer', 'Permite ver municipios'),
(48, 'personas', 'agregar', 'Permite agregar personas'),
(49, 'personas', 'modificar', 'Permite modificar personas'),
(50, 'personas', 'eliminar', 'Permite eliminar personas'),
(51, 'personas', 'leer', 'Permite ver personas'),
(52, 'responsables_pqs', 'agregar', 'Permite agregar responsables de PQRs'),
(53, 'responsables_pqs', 'modificar', 'Permite modificar responsables de PQRs'),
(54, 'responsables_pqs', 'eliminar', 'Permite eliminar responsables de PQRs'),
(55, 'responsables_pqs', 'leer', 'Permite ver responsables de PQRs'),
(56, 'roles_permisos', 'agregar', 'Permite asignar permisos a roles'),
(57, 'roles_permisos', 'modificar', 'Permite modificar permisos de roles'),
(58, 'roles_permisos', 'eliminar', 'Permite eliminar permisos de roles'),
(59, 'roles_permisos', 'leer', 'Permite ver permisos de roles'),
(60, 'tipos_documentos', 'agregar', 'Permite agregar tipos de documentos'),
(61, 'tipos_documentos', 'modificar', 'Permite modificar tipos de documentos'),
(62, 'tipos_documentos', 'eliminar', 'Permite eliminar tipos de documentos'),
(63, 'tipos_documentos', 'leer', 'Permite ver tipos de documentos'),
(64, 'tipos_personas', 'agregar', 'Permite agregar tipos de personas'),
(65, 'tipos_personas', 'modificar', 'Permite modificar tipos de personas'),
(66, 'tipos_personas', 'eliminar', 'Permite eliminar tipos de personas'),
(67, 'tipos_personas', 'leer', 'Permite ver tipos de personas'),
(68, 'tipos_pqs', 'agregar', 'Permite agregar tipos de PQRs'),
(69, 'tipos_pqs', 'modificar', 'Permite modificar tipos de PQRs'),
(70, 'tipos_pqs', 'eliminar', 'Permite eliminar tipos de PQRs'),
(71, 'tipos_pqs', 'leer', 'Permite ver tipos de PQRs'),
(72, 'permisos', 'leer', 'Permite ver permisos'),
(73, 'utilidades', 'acceder', 'Permite acceder al módulo de utilidades'),
(74, 'backups', 'agregar', 'Permite crear backups del sistema'),
(75, 'backups', 'eliminar', 'Permite eliminar backups del sistema'),
(76, 'backups', 'descargar', 'Permite descargar archivos de backup'),
(79, 'backups', 'leer', 'Permite leer backups del sistema'),
(80, 'logs', 'leer', 'Permite leer los logs de la aplicacion'),
(81, 'adjuntos_pq', 'descargar', 'Permite descargar los archivos de las peticiones'),
(78, 'reportes', 'generar', 'Permite generar reportes y estadísticas');
ALTER SEQUENCE permisos_id_seq RESTART WITH 82;

select *
from roles;

INSERT INTO roles_permisos (rol_id, permiso_id) VALUES
(1, 8),
(1, 24),
(1, 58),
(1, 9),
(1, 78),
(1, 13),
(1, 59),
(1, 53),
(1, 17),
(1, 7),
(1, 60),
(1, 52),
(1, 23),
(1, 73),
(1, 57),
(1, 70),
(1, 54),
(1, 80),
(1, 38),
(1, 61),
(1, 65),
(1, 16),
(1, 35),
(1, 11),
(1, 15),
(1, 21),
(1, 44),
(1, 55),
(1, 41),
(1, 12),
(1, 64),
(1, 32),
(1, 46),
(1, 66),
(1, 10),
(1, 1),
(1, 48),
(1, 6),
(1, 81),
(1, 79),
(1, 4),
(1, 33),
(1, 19),
(1, 67),
(1, 75),
(1, 69),
(1, 43),
(1, 56),
(1, 27),
(1, 45),
(1, 68),
(1, 51),
(1, 34),
(1, 3),
(1, 20),
(1, 76),
(1, 63),
(1, 62),
(1, 42),
(1, 72),
(1, 39),
(1, 5),
(1, 47),
(1, 40),
(1, 22),
(1, 74),
(1, 18),
(1, 2),
(1, 14),
(1, 36),
(1, 37),
(1, 49),
(1, 71),
(1, 50),
(2, 47),
(2, 43),
(2, 32),
(2, 16),
(2, 67),
(2, 26),
(2, 49),
(2, 18),
(2, 63),
(2, 39),
(2, 20),
(2, 71),
(3, 71),
(3, 39),
(3, 81),
(3, 49),
(3, 30),
(3, 17),
(3, 12),
(3, 18),
(3, 55),
(3, 20),
(4, 81),
(4, 16),
(4, 43),
(4, 17),
(4, 49),
(4, 71),
(4, 47),
(4, 63),
(4, 67),
(4, 20),
(4, 39),
(4, 35),
(4, 25);


INSERT INTO departamentos (id,codigo_dane,nombre) Values
(1,'05','ANTIOQUIA'),
(2,'08','ATLANTICO'),
(3,'11','BOGOTA'),
(4,'13','BOLIVAR'),
(5,'15','BOYACA'),
(6,'17','CALDAS'),
(7,'18','CAQUETA'),
(8,'19','CAUCA'),
(9,'20','CESAR'),
(10,'23','CORDOBA'),
(11,'25','CUNDINAMARCA'),
(12,'27','CHOCO (2)'),
(13,'41','HUILA'),
(14,'44','LA GUAJIRA'),
(15,'47','MAGDALENA'),
(16,'50','META'),
(17,'52','NARIÑO'),
(18,'54','N. DE SANTANDER'),
(19,'63','QUINDIO'),
(20,'66','RISARALDA'),
(21,'68','SANTANDER'),
(22,'70','SUCRE'),
(23,'73','TOLIMA'),
(24,'76','VALLE DEL CAUCA'),
(25,'81','ARAUCA'),
(26,'85','CASANARE'),
(27,'86','PUTUMAYO'),
(28,'88','SAN ANDRES'),
(29,'91','AMAZONAS'),
(30,'94','GUAINIA'),
(31,'95','GUAVIARE'),
(32,'97','VAUPES'),
(33,'99','VICHADA');
ALTER SEQUENCE departamentos_id_seq RESTART WITH 34;


INSERT INTO municipios (id,codigo_dane,nombre,departamento_id) values
(1,'05001','MEDELLIN',1),
(2,'05002','ABEJORRAL',1),
(3,'05004','ABRIAQUI',1),
(4,'05021','ALEJANDRIA',1),
(5,'05030','AMAGA',1),
(6,'05031','AMALFI',1),
(7,'05034','ANDES',1),
(8,'05036','ANGELOPOLIS',1),
(9,'05038','ANGOSTURA',1),
(10,'05040','ANORI',1),
(11,'05042','SANTAFE DE ANTIOQUIA',1),
(12,'05044','ANZA',1),
(13,'05045','APARTADO',1),
(14,'05051','ARBOLETES',1),
(15,'05055','ARGELIA',1),
(16,'05059','ARMENIA',1),
(17,'05079','BARBOSA',1),
(18,'05086','BELMIRA',1),
(19,'05088','BELLO',1),
(20,'05091','BETANIA',1),
(21,'05093','BETULIA',1),
(22,'05101','CIUDAD BOLIVAR',1),
(23,'05107','BRICEÑO',1),
(24,'05113','BURITICA',1),
(25,'05120','CACERES',1),
(26,'05125','CAICEDO',1),
(27,'05129','CALDAS',1),
(28,'05134','CAMPAMENTO',1),
(29,'05138','CAÑASGORDAS',1),
(30,'05142','CARACOLI',1),
(31,'05145','CARAMANTA',1),
(32,'05147','CAREPA',1),
(33,'05148','EL CARMEN DE VIBORAL',1),
(34,'05150','CAROLINA',1),
(35,'05154','CAUCASIA',1),
(36,'05172','CHIGORODO',1),
(37,'05190','CISNEROS',1),
(38,'05197','COCORNA',1),
(39,'05206','CONCEPCION',1),
(40,'05209','CONCORDIA',1),
(41,'05212','COPACABANA',1),
(42,'05234','DABEIBA',1),
(43,'05237','DON MATIAS',1),
(44,'05240','EBEJICO',1),
(45,'05250','EL BAGRE',1),
(46,'05264','ENTRERRIOS',1),
(47,'05266','ENVIGADO',1),
(48,'05282','FREDONIA',1),
(49,'05284','FRONTINO',1),
(50,'05306','GIRALDO',1),
(51,'05308','GIRARDOTA',1),
(52,'05310','GOMEZ PLATA',1),
(53,'05313','GRANADA',1),
(54,'05315','GUADALUPE',1),
(55,'05318','GUARNE',1),
(56,'05321','GUATAPE',1),
(57,'05347','HELICONIA',1),
(58,'05353','HISPANIA',1),
(59,'05360','ITAGUI',1),
(60,'05361','ITUANGO',1),
(61,'05364','JARDIN',1),
(62,'05368','JERICO',1),
(63,'05376','LA CEJA',1),
(64,'05380','LA ESTRELLA',1),
(65,'05390','LA PINTADA',1),
(66,'05400','LA UNION',1),
(67,'05411','LIBORINA',1),
(68,'05425','MACEO',1),
(69,'05440','MARINILLA',1),
(70,'05467','MONTEBELLO',1),
(71,'05475','MURINDO',1),
(72,'05480','MUTATA',1),
(73,'05483','NARIÑO',1),
(74,'05490','NECOCLI',1),
(75,'05495','NECHI',1),
(76,'05501','OLAYA',1),
(77,'05541','PEÐOL',1),
(78,'05543','PEQUE',1),
(79,'05576','PUEBLORRICO',1),
(80,'05579','PUERTO BERRIO',1),
(81,'05585','PUERTO NARE',1),
(82,'05591','PUERTO TRIUNFO',1),
(83,'05604','REMEDIOS',1),
(84,'05607','RETIRO',1),
(85,'05615','RIONEGRO',1),
(86,'05628','SABANALARGA',1),
(87,'05631','SABANETA',1),
(88,'05642','SALGAR',1),
(89,'05647','SAN ANDRES DE CUERQUIA',1),
(90,'05649','SAN CARLOS',1),
(91,'05652','SAN FRANCISCO',1),
(92,'05656','SAN JERONIMO',1),
(93,'05658','SAN JOSE DE LA MONTAÑA',1),
(94,'05659','SAN JUAN DE URABA',1),
(95,'05660','SAN LUIS',1),
(96,'05664','SAN PEDRO',1),
(97,'05665','SAN PEDRO DE URABA',1),
(98,'05667','SAN RAFAEL',1),
(99,'05670','SAN ROQUE',1),
(100,'05674','SAN VICENTE',1),
(101,'05679','SANTA BARBARA',1),
(102,'05686','SANTA ROSA DE OSOS',1),
(103,'05690','SANTO DOMINGO',1),
(104,'05697','EL SANTUARIO',1),
(105,'05736','SEGOVIA',1),
(106,'05756','SONSON',1),
(107,'05761','SOPETRAN',1),
(108,'05789','TAMESIS',1),
(109,'05790','TARAZA',1),
(110,'05792','TARSO',1),
(111,'05809','TITIRIBI',1),
(112,'05819','TOLEDO',1),
(113,'05837','TURBO',1),
(114,'05842','URAMITA',1),
(115,'05847','URRAO',1),
(116,'05854','VALDIVIA',1),
(117,'05856','VALPARAISO',1),
(118,'05858','VEGACHI',1),
(119,'05861','VENECIA',1),
(120,'05873','VIGIA DEL FUERTE',1),
(121,'05885','YALI',1),
(122,'05887','YARUMAL',1),
(123,'05890','YOLOMBO',1),
(124,'05893','YONDO',1),
(125,'05895','ZARAGOZA',1),
(126,'08001','BARRANQUILLA',2),
(127,'08078','BARANOA',2),
(128,'08137','CAMPO DE LA CRUZ',2),
(129,'08141','CANDELARIA',2),
(130,'08296','GALAPA',2),
(131,'08372','JUAN DE ACOSTA',2),
(132,'08421','LURUACO',2),
(133,'08433','MALAMBO',2),
(134,'08436','MANATI',2),
(135,'08520','PALMAR DE VARELA',2),
(136,'08549','PIOJO',2),
(137,'08558','POLONUEVO',2),
(138,'08560','PONEDERA',2),
(139,'08573','PUERTO COLOMBIA',2),
(140,'08606','REPELON',2),
(141,'08634','SABANAGRANDE',2),
(142,'08638','SABANALARGA',2),
(143,'08675','SANTA LUCIA',2),
(144,'08685','SANTO TOMAS',2),
(145,'08758','SOLEDAD',2),
(146,'08770','SUAN',2),
(147,'08832','TUBARA',2),
(148,'08849','USIACURI',2),
(149,'11001','BOGOTA D.C.',3),
(150,'13001','CARTAGENA',4),
(151,'13006','ACHI',4),
(152,'13030','ALTOS DEL ROSARIO',4),
(153,'13042','ARENAL',4),
(154,'13052','ARJONA',4),
(155,'13062','ARROYOHONDO',4),
(156,'13074','BARRANCO DE LOBA',4),
(157,'13140','CALAMAR',4),
(158,'13160','CANTAGALLO',4),
(159,'13188','CICUCO',4),
(160,'13212','CORDOBA',4),
(161,'13222','CLEMENCIA',4),
(162,'13244','EL CARMEN DE BOLIVAR',4),
(163,'13248','EL GUAMO',4),
(164,'13268','EL PEÑON',4),
(165,'13300','HATILLO DE LOBA',4),
(166,'13430','MAGANGUE',4),
(167,'13433','MAHATES',4),
(168,'13440','MARGARITA',4),
(169,'13442','MARIA LA BAJA',4),
(170,'13458','MONTECRISTO',4),
(171,'13468','MOMPOS',4),
(172,'13490','NOROSI (1)',4),
(173,'13473','MORALES',4),
(174,'13549','PINILLOS',4),
(175,'13580','REGIDOR',4),
(176,'13600','RIO VIEJO (1)',4),
(177,'13620','SAN CRISTOBAL',4),
(178,'13647','SAN ESTANISLAO',4),
(179,'13650','SAN FERNANDO',4),
(180,'13654','SAN JACINTO',4),
(181,'13655','SAN JACINTO DEL CAUCA',4),
(182,'13657','SAN JUAN NEPOMUCENO',4),
(183,'13667','SAN MARTIN DE LOBA',4),
(184,'13670','SAN PABLO',4),
(185,'13673','SANTA CATALINA',4),
(186,'13683','SANTA ROSA',4),
(187,'13688','SANTA ROSA DEL SUR',4),
(188,'13744','SIMITI',4),
(189,'13760','SOPLAVIENTO',4),
(190,'13780','TALAIGUA NUEVO',4),
(191,'13810','TIQUISIO',4),
(192,'13836','TURBACO',4),
(193,'13838','TURBANA',4),
(194,'13873','VILLANUEVA',4),
(195,'13894','ZAMBRANO',4),
(196,'15001','TUNJA',5),
(197,'15022','ALMEIDA',5),
(198,'15047','AQUITANIA',5),
(199,'15051','ARCABUCO',5),
(200,'15087','BELEN',5),
(201,'15090','BERBEO',5),
(202,'15092','BETEITIVA',5),
(203,'15097','BOAVITA',5),
(204,'15104','BOYACA',5),
(205,'15106','BRICEÑO',5),
(206,'15109','BUENAVISTA',5),
(207,'15114','BUSBANZA',5),
(208,'15131','CALDAS',5),
(209,'15135','CAMPOHERMOSO',5),
(210,'15162','CERINZA',5),
(211,'15172','CHINAVITA',5),
(212,'15176','CHIQUINQUIRA',5),
(213,'15180','CHISCAS',5),
(214,'15183','CHITA',5),
(215,'15185','CHITARAQUE',5),
(216,'15187','CHIVATA',5),
(217,'15189','CIENEGA',5),
(218,'15204','COMBITA',5),
(219,'15212','COPER',5),
(220,'15215','CORRALES',5),
(221,'15218','COVARACHIA',5),
(222,'15223','CUBARA',5),
(223,'15224','CUCAITA',5),
(224,'15226','CUITIVA',5),
(225,'15232','CHIQUIZA',5),
(226,'15236','CHIVOR',5),
(227,'15238','DUITAMA',5),
(228,'15244','EL COCUY',5),
(229,'15248','EL ESPINO',5),
(230,'15272','FIRAVITOBA',5),
(231,'15276','FLORESTA',5),
(232,'15293','GACHANTIVA',5),
(233,'15296','GAMEZA',5),
(234,'15299','GARAGOA',5),
(235,'15317','GUACAMAYAS',5),
(236,'15322','GUATEQUE',5),
(237,'15325','GUAYATA',5),
(238,'15332','GsICAN',5),
(239,'15362','IZA',5),
(240,'15367','JENESANO',5),
(241,'15368','JERICO',5),
(242,'15377','LABRANZAGRANDE',5),
(243,'15380','LA CAPILLA',5),
(244,'15401','LA VICTORIA',5),
(245,'15403','LA UVITA',5),
(246,'15407','VILLA DE LEYVA',5),
(247,'15425','MACANAL',5),
(248,'15442','MARIPI',5),
(249,'15455','MIRAFLORES',5),
(250,'15464','MONGUA',5),
(251,'15466','MONGUI',5),
(252,'15469','MONIQUIRA',5),
(253,'15476','MOTAVITA',5),
(254,'15480','MUZO',5),
(255,'15491','NOBSA',5),
(256,'15494','NUEVO COLON',5),
(257,'15500','OICATA',5),
(258,'15507','OTANCHE',5),
(259,'15511','PACHAVITA',5),
(260,'15514','PAEZ',5),
(261,'15516','PAIPA',5),
(262,'15518','PAJARITO',5),
(263,'15522','PANQUEBA',5),
(264,'15531','PAUNA',5),
(265,'15533','PAYA',5),
(266,'15537','PAZ DE RIO',5),
(267,'15542','PESCA',5),
(268,'15550','PISBA',5),
(269,'15572','PUERTO BOYACA',5),
(270,'15580','QUIPAMA',5),
(271,'15599','RAMIRIQUI',5),
(272,'15600','RAQUIRA',5),
(273,'15621','RONDON',5),
(274,'15632','SABOYA',5),
(275,'15638','SACHICA',5),
(276,'15646','SAMACA',5),
(277,'15660','SAN EDUARDO',5),
(278,'15664','SAN JOSE DE PARE',5),
(279,'15667','SAN LUIS DE GACENO',5),
(280,'15673','SAN MATEO',5),
(281,'15676','SAN MIGUEL DE SEMA',5),
(282,'15681','SAN PABLO DE BORBUR',5),
(283,'15686','SANTANA',5),
(284,'15690','SANTA MARIA',5),
(285,'15693','SANTA ROSA DE VITERBO',5),
(286,'15696','SANTA SOFIA',5),
(287,'15720','SATIVANORTE',5),
(288,'15723','SATIVASUR',5),
(289,'15740','SIACHOQUE',5),
(290,'15753','SOATA',5),
(291,'15755','SOCOTA',5),
(292,'15757','SOCHA',5),
(293,'15759','SOGAMOSO',5),
(294,'15761','SOMONDOCO',5),
(295,'15762','SORA',5),
(296,'15763','SOTAQUIRA',5),
(297,'15764','SORACA',5),
(298,'15774','SUSACON',5),
(299,'15776','SUTAMARCHAN',5),
(300,'15778','SUTATENZA',5),
(301,'15790','TASCO',5),
(302,'15798','TENZA',5),
(303,'15804','TIBANA',5),
(304,'15806','TIBASOSA',5),
(305,'15808','TINJACA',5),
(306,'15810','TIPACOQUE',5),
(307,'15814','TOCA',5),
(308,'15816','TOGsI',5),
(309,'15820','TOPAGA',5),
(310,'15822','TOTA',5),
(311,'15832','TUNUNGUA',5),
(312,'15835','TURMEQUE',5),
(313,'15837','TUTA',5),
(314,'15839','TUTAZA',5),
(315,'15842','UMBITA',5),
(316,'15861','VENTAQUEMADA',5),
(317,'15879','VIRACACHA',5),
(318,'15897','ZETAQUIRA',5),
(319,'17001','MANIZALES',6),
(320,'17013','AGUADAS',6),
(321,'17042','ANSERMA',6),
(322,'17050','ARANZAZU',6),
(323,'17088','BELALCAZAR',6),
(324,'17174','CHINCHINA',6),
(325,'17272','FILADELFIA',6),
(326,'17380','LA DORADA',6),
(327,'17388','LA MERCED',6),
(328,'17433','MANZANARES',6),
(329,'17442','MARMATO',6),
(330,'17444','MARQUETALIA',6),
(331,'17446','MARULANDA',6),
(332,'17486','NEIRA',6),
(333,'17495','NORCASIA',6),
(334,'17513','PACORA',6),
(335,'17524','PALESTINA',6),
(336,'17541','PENSILVANIA',6),
(337,'17614','RIOSUCIO',6),
(338,'17616','RISARALDA',6),
(339,'17653','SALAMINA',6),
(340,'17662','SAMANA',6),
(341,'17665','SAN JOSE',6),
(342,'17777','SUPIA',6),
(343,'17867','VICTORIA',6),
(344,'17873','VILLAMARIA',6),
(345,'17877','VITERBO',6),
(346,'18001','FLORENCIA',7),
(347,'18029','ALBANIA',7),
(348,'18094','BELEN DE LOS ANDAQUIES',7),
(349,'18150','CARTAGENA DEL CHAIRA',7),
(350,'18205','CURILLO',7),
(351,'18247','EL DONCELLO',7),
(352,'18256','EL PAUJIL',7),
(353,'18410','LA MONTAÑITA',7),
(354,'18460','MILAN',7),
(355,'18479','MORELIA',7),
(356,'18592','PUERTO RICO',7),
(357,'18610','SAN JOSE DEL FRAGUA',7),
(358,'18753','SAN VICENTE DEL CAGUAN',7),
(359,'18756','SOLANO',7),
(360,'18785','SOLITA',7),
(361,'18860','VALPARAISO',7),
(362,'19001','POPAYAN',8),
(363,'19022','ALMAGUER',8),
(364,'19050','ARGELIA',8),
(365,'19075','BALBOA',8),
(366,'19100','BOLIVAR',8),
(367,'19110','BUENOS AIRES',8),
(368,'19130','CAJIBIO',8),
(369,'19137','CALDONO',8),
(370,'19142','CALOTO (1)',8),
(371,'19212','CORINTO',8),
(372,'19256','EL TAMBO',8),
(373,'19290','FLORENCIA',8),
(374,'19300','GUACHENE (1)',8),
(375,'19318','GUAPI',8),
(376,'19355','INZA',8),
(377,'19364','JAMBALO',8),
(378,'19392','LA SIERRA',8),
(379,'19397','LA VEGA',8),
(380,'19418','LOPEZ',8),
(381,'19450','MERCADERES',8),
(382,'19455','MIRANDA',8),
(383,'19473','MORALES',8),
(384,'19513','PADILLA',8),
(385,'19517','PAEZ',8),
(386,'19532','PATIA',8),
(387,'19533','PIAMONTE',8),
(388,'19548','PIENDAMO',8),
(389,'19573','PUERTO TEJADA',8),
(390,'19585','PURACE',8),
(391,'19622','ROSAS',8),
(392,'19693','SAN SEBASTIAN',8),
(393,'19698','SANTANDER DE QUILICHAO',8),
(394,'19701','SANTA ROSA',8),
(395,'19743','SILVIA',8),
(396,'19760','SOTARA',8),
(397,'19780','SUAREZ',8),
(398,'19785','SUCRE',8),
(399,'19807','TIMBIO',8),
(400,'19809','TIMBIQUI',8),
(401,'19821','TORIBIO',8),
(402,'19824','TOTORO',8),
(403,'19845','VILLA RICA',8),
(404,'20001','VALLEDUPAR',9),
(405,'20011','AGUACHICA',9),
(406,'20013','AGUSTIN CODAZZI',9),
(407,'20032','ASTREA',9),
(408,'20045','BECERRIL',9),
(409,'20060','BOSCONIA',9),
(410,'20175','CHIMICHAGUA',9),
(411,'20178','CHIRIGUANA',9),
(412,'20228','CURUMANI',9),
(413,'20238','EL COPEY',9),
(414,'20250','EL PASO',9),
(415,'20295','GAMARRA',9),
(416,'20310','GONZALEZ',9),
(417,'20383','LA GLORIA',9),
(418,'20400','LA JAGUA DE IBIRICO',9),
(419,'20443','MANAURE',9),
(420,'20517','PAILITAS',9),
(421,'20550','PELAYA',9),
(422,'20570','PUEBLO BELLO',9),
(423,'20614','RIO DE ORO',9),
(424,'20621','LA PAZ',9),
(425,'20710','SAN ALBERTO',9),
(426,'20750','SAN DIEGO',9),
(427,'20770','SAN MARTIN',9),
(428,'20787','TAMALAMEQUE',9),
(429,'23001','MONTERIA',10),
(430,'23068','AYAPEL',10),
(431,'23079','BUENAVISTA',10),
(432,'23090','CANALETE',10),
(433,'23162','CERETE',10),
(434,'23168','CHIMA (3)',10),
(435,'23182','CHINU',10),
(436,'23189','CIENAGA DE ORO',10),
(437,'23300','COTORRA',10),
(438,'23350','LA APARTADA',10),
(439,'23417','LORICA',10),
(440,'23419','LOS CORDOBAS',10),
(441,'23464','MOMIL',10),
(442,'23466','MONTELIBANO (1)',10),
(443,'23500','MOÑITOS',10),
(444,'23555','PLANETA RICA',10),
(445,'23570','PUEBLO NUEVO',10),
(446,'23574','PUERTO ESCONDIDO',10),
(447,'23580','PUERTO LIBERTADOR',10),
(448,'23586','PURISIMA',10),
(449,'23660','SAHAGUN',10),
(450,'23670','SAN ANDRES SOTAVENTO (3)',10),
(451,'23672','SAN ANTERO',10),
(452,'23675','SAN BERNARDO DEL VIENTO',10),
(453,'23678','SAN CARLOS',10),
(454,'23682','SAN JOSE DE URE (1)',10),
(455,'23686','SAN PELAYO',10),
(456,'23807','TIERRALTA',10),
(457,'23815','TUCHÍN (3)',10),
(458,'23855','VALENCIA',10),
(459,'25001','AGUA DE DIOS',11),
(460,'25019','ALBAN',11),
(461,'25035','ANAPOIMA',11),
(462,'25040','ANOLAIMA',11),
(463,'25053','ARBELAEZ',11),
(464,'25086','BELTRAN',11),
(465,'25095','BITUIMA',11),
(466,'25099','BOJACA',11),
(467,'25120','CABRERA',11),
(468,'25123','CACHIPAY',11),
(469,'25126','CAJICA',11),
(470,'25148','CAPARRAPI',11),
(471,'25151','CAQUEZA',11),
(472,'25154','CARMEN DE CARUPA',11),
(473,'25168','CHAGUANI',11),
(474,'25175','CHIA',11),
(475,'25178','CHIPAQUE',11),
(476,'25181','CHOACHI',11),
(477,'25183','CHOCONTA',11),
(478,'25200','COGUA',11),
(479,'25214','COTA',11),
(480,'25224','CUCUNUBA',11),
(481,'25245','EL COLEGIO',11),
(482,'25258','EL PEÑON',11),
(483,'25260','EL ROSAL',11),
(484,'25269','FACATATIVA',11),
(485,'25279','FOMEQUE',11),
(486,'25281','FOSCA',11),
(487,'25286','FUNZA',11),
(488,'25288','FUQUENE',11),
(489,'25290','FUSAGASUGA',11),
(490,'25293','GACHALA',11),
(491,'25295','GACHANCIPA',11),
(492,'25297','GACHETA',11),
(493,'25299','GAMA',11),
(494,'25307','GIRARDOT',11),
(495,'25312','GRANADA',11),
(496,'25317','GUACHETA',11),
(497,'25320','GUADUAS',11),
(498,'25322','GUASCA',11),
(499,'25324','GUATAQUI',11),
(500,'25326','GUATAVITA',11),
(501,'25328','GUAYABAL DE SIQUIMA',11),
(502,'25335','GUAYABETAL',11),
(503,'25339','GUTIERREZ',11),
(504,'25368','JERUSALEN',11),
(505,'25372','JUNIN',11),
(506,'25377','LA CALERA',11),
(507,'25386','LA MESA',11),
(508,'25394','LA PALMA',11),
(509,'25398','LA PEÑA',11),
(510,'25402','LA VEGA',11),
(511,'25407','LENGUAZAQUE',11),
(512,'25426','MACHETA',11),
(513,'25430','MADRID',11),
(514,'25436','MANTA',11),
(515,'25438','MEDINA',11),
(516,'25473','MOSQUERA',11),
(517,'25483','NARIÑO',11),
(518,'25486','NEMOCON',11),
(519,'25488','NILO',11),
(520,'25489','NIMAIMA',11),
(521,'25491','NOCAIMA',11),
(522,'25506','VENECIA',11),
(523,'25513','PACHO',11),
(524,'25518','PAIME',11),
(525,'25524','PANDI',11),
(526,'25530','PARATEBUENO',11),
(527,'25535','PASCA',11),
(528,'25572','PUERTO SALGAR',11),
(529,'25580','PULI',11),
(530,'25592','QUEBRADANEGRA',11),
(531,'25594','QUETAME',11),
(532,'25596','QUIPILE',11),
(533,'25599','APULO',11),
(534,'25612','RICAURTE',11),
(535,'25645','SAN ANTONIO DEL TEQUENDAMA',11),
(536,'25649','SAN BERNARDO',11),
(537,'25653','SAN CAYETANO',11),
(538,'25658','SAN FRANCISCO',11),
(539,'25662','SAN JUAN DE RIO SECO',11),
(540,'25718','SASAIMA',11),
(541,'25736','SESQUILE',11),
(542,'25740','SIBATE',11),
(543,'25743','SILVANIA',11),
(544,'25745','SIMIJACA',11),
(545,'25754','SOACHA',11),
(546,'25758','SOPO',11),
(547,'25769','SUBACHOQUE',11),
(548,'25772','SUESCA',11),
(549,'25777','SUPATA',11),
(550,'25779','SUSA',11),
(551,'25781','SUTATAUSA',11),
(552,'25785','TABIO',11),
(553,'25793','TAUSA',11),
(554,'25797','TENA',11),
(555,'25799','TENJO',11),
(556,'25805','TIBACUY',11),
(557,'25807','TIBIRITA',11),
(558,'25815','TOCAIMA',11),
(559,'25817','TOCANCIPA',11),
(560,'25823','TOPAIPI',11),
(561,'25839','UBALA',11),
(562,'25841','UBAQUE',11),
(563,'25843','VILLA DE SAN DIEGO DE UBATE',11),
(564,'25845','UNE',11),
(565,'25851','UTICA',11),
(566,'25862','VERGARA',11),
(567,'25867','VIANI',11),
(568,'25871','VILLAGOMEZ',11),
(569,'25873','VILLAPINZON',11),
(570,'25875','VILLETA',11),
(571,'25878','VIOTA',11),
(572,'25885','YACOPI',11),
(573,'25898','ZIPACON',11),
(574,'25899','ZIPAQUIRA',11),
(575,'27001','QUIBDO',12),
(576,'27006','ACANDI',12),
(577,'27025','ALTO BAUDO',12),
(578,'27050','ATRATO',12),
(579,'27073','BAGADO',12),
(580,'27075','BAHIA SOLANO',12),
(581,'27077','BAJO BAUDO',12),
(582,'27099','BOJAYA',12),
(583,'27135','EL CANTON DEL SAN PABLO',12),
(584,'27150','CARMEN DEL DARIEN',12),
(585,'27160','CERTEGUI',12),
(586,'27205','CONDOTO',12),
(587,'27245','EL CARMEN DE ATRATO',12),
(588,'27250','EL LITORAL DEL SAN JUAN',12),
(589,'27361','ISTMINA',12),
(590,'27372','JURADO',12),
(591,'27413','LLORO',12),
(592,'27425','MEDIO ATRATO',12),
(593,'27430','MEDIO BAUDO',12),
(594,'27450','MEDIO SAN JUAN',12),
(595,'27491','NOVITA',12),
(596,'27495','NUQUI',12),
(597,'27580','RIO IRO',12),
(598,'27600','RIO QUITO',12),
(599,'27615','RIOSUCIO (2)',12),
(600,'27660','SAN JOSE DEL PALMAR',12),
(601,'27745','SIPI',12),
(602,'27787','TADO',12),
(603,'27800','UNGUIA',12),
(604,'27810','UNION PANAMERICANA',12),
(605,'41001','NEIVA',13),
(606,'41006','ACEVEDO',13),
(607,'41013','AGRADO',13),
(608,'41016','AIPE',13),
(609,'41020','ALGECIRAS',13),
(610,'41026','ALTAMIRA',13),
(611,'41078','BARAYA',13),
(612,'41132','CAMPOALEGRE',13),
(613,'41206','COLOMBIA',13),
(614,'41244','ELIAS',13),
(615,'41298','GARZON',13),
(616,'41306','GIGANTE',13),
(617,'41319','GUADALUPE',13),
(618,'41349','HOBO',13),
(619,'41357','IQUIRA',13),
(620,'41359','ISNOS',13),
(621,'41378','LA ARGENTINA',13),
(622,'41396','LA PLATA',13),
(623,'41483','NATAGA',13),
(624,'41503','OPORAPA',13),
(625,'41518','PAICOL',13),
(626,'41524','PALERMO',13),
(627,'41530','PALESTINA',13),
(628,'41548','PITAL',13),
(629,'41551','PITALITO',13),
(630,'41615','RIVERA',13),
(631,'41660','SALADOBLANCO',13),
(632,'41668','SAN AGUSTIN',13),
(633,'41676','SANTA MARIA',13),
(634,'41770','SUAZA',13),
(635,'41791','TARQUI',13),
(636,'41797','TESALIA',13),
(637,'41799','TELLO',13),
(638,'41801','TERUEL',13),
(639,'41807','TIMANA',13),
(640,'41872','VILLAVIEJA',13),
(641,'41885','YAGUARA',13),
(642,'44001','RIOHACHA',14),
(643,'44035','ALBANIA',14),
(644,'44078','BARRANCAS',14),
(645,'44090','DIBULLA',14),
(646,'44098','DISTRACCION',14),
(647,'44110','EL MOLINO',14),
(648,'44279','FONSECA',14),
(649,'44378','HATONUEVO',14),
(650,'44420','LA JAGUA DEL PILAR',14),
(651,'44430','MAICAO',14),
(652,'44560','MANAURE',14),
(653,'44650','SAN JUAN DEL CESAR',14),
(654,'44847','URIBIA',14),
(655,'44855','URUMITA',14),
(656,'44874','VILLANUEVA',14),
(657,'47001','SANTA MARTA',15),
(658,'47030','ALGARROBO',15),
(659,'47053','ARACATACA',15),
(660,'47058','ARIGUANI',15),
(661,'47161','CERRO SAN ANTONIO',15),
(662,'47170','CHIBOLO',15),
(663,'47189','CIENAGA',15),
(664,'47205','CONCORDIA',15),
(665,'47245','EL BANCO',15),
(666,'47258','EL PIÑON',15),
(667,'47268','EL RETEN',15),
(668,'47288','FUNDACION',15),
(669,'47318','GUAMAL',15),
(670,'47460','NUEVA GRANADA',15),
(671,'47541','PEDRAZA',15),
(672,'47545','PIJIÑO DEL CARMEN',15),
(673,'47551','PIVIJAY',15),
(674,'47555','PLATO',15),
(675,'47570','PUEBLOVIEJO',15),
(676,'47605','REMOLINO',15),
(677,'47660','SABANAS DE SAN ANGEL',15),
(678,'47675','SALAMINA',15),
(679,'47692','SAN SEBASTIAN DE BUENAVISTA',15),
(680,'47703','SAN ZENON',15),
(681,'47707','SANTA ANA',15),
(682,'47720','SANTA BARBARA DE PINTO',15),
(683,'47745','SITIONUEVO',15),
(684,'47798','TENERIFE',15),
(685,'47960','ZAPAYAN',15),
(686,'47980','ZONA BANANERA',15),
(687,'50001','VILLAVICENCIO',16),
(688,'50006','ACACIAS',16),
(689,'50110','BARRANCA DE UPIA',16),
(690,'50124','CABUYARO',16),
(691,'50150','CASTILLA LA NUEVA',16),
(692,'50223','CUBARRAL',16),
(693,'50226','CUMARAL',16),
(694,'50245','EL CALVARIO',16),
(695,'50251','EL CASTILLO',16),
(696,'50270','EL DORADO',16),
(697,'50287','FUENTE DE ORO',16),
(698,'50313','GRANADA',16),
(699,'50318','GUAMAL',16),
(700,'50325','MAPIRIPAN',16),
(701,'50330','MESETAS',16),
(702,'50350','LA MACARENA',16),
(703,'50370','URIBE',16),
(704,'50400','LEJANIAS',16),
(705,'50450','PUERTO CONCORDIA',16),
(706,'50568','PUERTO GAITAN',16),
(707,'50573','PUERTO LOPEZ',16),
(708,'50577','PUERTO LLERAS',16),
(709,'50590','PUERTO RICO',16),
(710,'50606','RESTREPO',16),
(711,'50680','SAN CARLOS DE GUAROA',16),
(712,'50683','SAN JUAN DE ARAMA',16),
(713,'50686','SAN JUANITO',16),
(714,'50689','SAN MARTIN',16),
(715,'50711','VISTAHERMOSA',16),
(716,'52001','PASTO',17),
(717,'52019','ALBAN',17),
(718,'52022','ALDANA',17),
(719,'52036','ANCUYA',17),
(720,'52051','ARBOLEDA',17),
(721,'52079','BARBACOAS',17),
(722,'52083','BELEN',17),
(723,'52110','BUESACO',17),
(724,'52203','COLON',17),
(725,'52207','CONSACA',17),
(726,'52210','CONTADERO',17),
(727,'52215','CORDOBA',17),
(728,'52224','CUASPUD',17),
(729,'52227','CUMBAL',17),
(730,'52233','CUMBITARA',17),
(731,'52240','CHACHAGsI',17),
(732,'52250','EL CHARCO',17),
(733,'52254','EL PEÑOL',17),
(734,'52256','EL ROSARIO',17),
(735,'52258','EL TABLON DE GOMEZ',17),
(736,'52260','EL TAMBO',17),
(737,'52287','FUNES',17),
(738,'52317','GUACHUCAL',17),
(739,'52320','GUAITARILLA',17),
(740,'52323','GUALMATAN',17),
(741,'52352','ILES',17),
(742,'52354','IMUES',17),
(743,'52356','IPIALES',17),
(744,'52378','LA CRUZ',17),
(745,'52381','LA FLORIDA',17),
(746,'52385','LA LLANADA',17),
(747,'52390','LA TOLA',17),
(748,'52399','LA UNION',17),
(749,'52405','LEIVA',17),
(750,'52411','LINARES',17),
(751,'52418','LOS ANDES',17),
(752,'52427','MAGsI',17),
(753,'52435','MALLAMA',17),
(754,'52473','MOSQUERA',17),
(755,'52480','NARIÑO',17),
(756,'52490','OLAYA HERRERA',17),
(757,'52506','OSPINA',17),
(758,'52520','FRANCISCO PIZARRO',17),
(759,'52540','POLICARPA',17),
(760,'52560','POTOSI',17),
(761,'52565','PROVIDENCIA',17),
(762,'52573','PUERRES',17),
(763,'52585','PUPIALES',17),
(764,'52612','RICAURTE',17),
(765,'52621','ROBERTO PAYAN',17),
(766,'52678','SAMANIEGO',17),
(767,'52683','SANDONA',17),
(768,'52685','SAN BERNARDO',17),
(769,'52687','SAN LORENZO',17),
(770,'52693','SAN PABLO',17),
(771,'52694','SAN PEDRO DE CARTAGO',17),
(772,'52696','SANTA BARBARA',17),
(773,'52699','SANTACRUZ',17),
(774,'52720','SAPUYES',17),
(775,'52786','TAMINANGO',17),
(776,'52788','TANGUA',17),
(777,'52835','SAN ANDRES DE TUMACO',17),
(778,'52838','TUQUERRES',17),
(779,'52885','YACUANQUER',17),
(780,'54001','CUCUTA',18),
(781,'54003','ABREGO',18),
(782,'54051','ARBOLEDAS',18),
(783,'54099','BOCHALEMA',18),
(784,'54109','BUCARASICA',18),
(785,'54125','CACOTA',18),
(786,'54128','CACHIRA',18),
(787,'54172','CHINACOTA',18),
(788,'54174','CHITAGA',18),
(789,'54206','CONVENCION',18),
(790,'54223','CUCUTILLA',18),
(791,'54239','DURANIA',18),
(792,'54245','EL CARMEN',18),
(793,'54250','EL TARRA',18),
(794,'54261','EL ZULIA',18),
(795,'54313','GRAMALOTE',18),
(796,'54344','HACARI',18),
(797,'54347','HERRAN',18),
(798,'54377','LABATECA',18),
(799,'54385','LA ESPERANZA',18),
(800,'54398','LA PLAYA',18),
(801,'54405','LOS PATIOS',18),
(802,'54418','LOURDES',18),
(803,'54480','MUTISCUA',18),
(804,'54498','OCAÑA',18),
(805,'54518','PAMPLONA',18),
(806,'54520','PAMPLONITA',18),
(807,'54553','PUERTO SANTANDER',18),
(808,'54599','RAGONVALIA',18),
(809,'54660','SALAZAR',18),
(810,'54670','SAN CALIXTO',18),
(811,'54673','SAN CAYETANO',18),
(812,'54680','SANTIAGO',18),
(813,'54720','SARDINATA',18),
(814,'54743','SILOS',18),
(815,'54800','TEORAMA',18),
(816,'54810','TIBU',18),
(817,'54820','TOLEDO',18),
(818,'54871','VILLA CARO',18),
(819,'54874','VILLA DEL ROSARIO',18),
(820,'63001','ARMENIA',19),
(821,'63111','BUENAVISTA',19),
(822,'63130','CALARCA',19),
(823,'63190','CIRCASIA',19),
(824,'63212','CORDOBA',19),
(825,'63272','FILANDIA',19),
(826,'63302','GENOVA',19),
(827,'63401','LA TEBAIDA',19),
(828,'63470','MONTENEGRO',19),
(829,'63548','PIJAO',19),
(830,'63594','QUIMBAYA',19),
(831,'63690','SALENTO',19),
(832,'66001','PEREIRA',20),
(833,'66045','APIA',20),
(834,'66075','BALBOA',20),
(835,'66088','BELEN DE UMBRIA',20),
(836,'66170','DOSQUEBRADAS',20),
(837,'66318','GUATICA',20),
(838,'66383','LA CELIA',20),
(839,'66400','LA VIRGINIA',20),
(840,'66440','MARSELLA',20),
(841,'66456','MISTRATO',20),
(842,'66572','PUEBLO RICO',20),
(843,'66594','QUINCHIA',20),
(844,'66682','SANTA ROSA DE CABAL',20),
(845,'66687','SANTUARIO',20),
(846,'68001','BUCARAMANGA',21),
(847,'68013','AGUADA',21),
(848,'68020','ALBANIA',21),
(849,'68051','ARATOCA',21),
(850,'68077','BARBOSA',21),
(851,'68079','BARICHARA',21),
(852,'68081','BARRANCABERMEJA',21),
(853,'68092','BETULIA',21),
(854,'68101','BOLIVAR',21),
(855,'68121','CABRERA',21),
(856,'68132','CALIFORNIA',21),
(857,'68147','CAPITANEJO',21),
(858,'68152','CARCASI',21),
(859,'68160','CEPITA',21),
(860,'68162','CERRITO',21),
(861,'68167','CHARALA',21),
(862,'68169','CHARTA',21),
(863,'68176','CHIMA',21),
(864,'68179','CHIPATA',21),
(865,'68190','CIMITARRA',21),
(866,'68207','CONCEPCION',21),
(867,'68209','CONFINES',21),
(868,'68211','CONTRATACION',21),
(869,'68217','COROMORO',21),
(870,'68229','CURITI',21),
(871,'68235','EL CARMEN DE CHUCURI',21),
(872,'68245','EL GUACAMAYO',21),
(873,'68250','EL PEÑON',21),
(874,'68255','EL PLAYON',21),
(875,'68264','ENCINO',21),
(876,'68266','ENCISO',21),
(877,'68271','FLORIAN',21),
(878,'68276','FLORIDABLANCA',21),
(879,'68296','GALAN',21),
(880,'68298','GAMBITA',21),
(881,'68307','GIRON',21),
(882,'68318','GUACA',21),
(883,'68320','GUADALUPE',21),
(884,'68322','GUAPOTA',21),
(885,'68324','GUAVATA',21),
(886,'68327','GsEPSA',21),
(887,'68344','HATO',21),
(888,'68368','JESUS MARIA',21),
(889,'68370','JORDAN',21),
(890,'68377','LA BELLEZA',21),
(891,'68385','LANDAZURI',21),
(892,'68397','LA PAZ',21),
(893,'68406','LEBRIJA',21),
(894,'68418','LOS SANTOS',21),
(895,'68425','MACARAVITA',21),
(896,'68432','MALAGA',21),
(897,'68444','MATANZA',21),
(898,'68464','MOGOTES',21),
(899,'68468','MOLAGAVITA',21),
(900,'68498','OCAMONTE',21),
(901,'68500','OIBA',21),
(902,'68502','ONZAGA',21),
(903,'68522','PALMAR',21),
(904,'68524','PALMAS DEL SOCORRO',21),
(905,'68533','PARAMO',21),
(906,'68547','PIEDECUESTA',21),
(907,'68549','PINCHOTE',21),
(908,'68572','PUENTE NACIONAL',21),
(909,'68573','PUERTO PARRA',21),
(910,'68575','PUERTO WILCHES',21),
(911,'68615','RIONEGRO',21),
(912,'68655','SABANA DE TORRES',21),
(913,'68669','SAN ANDRES',21),
(914,'68673','SAN BENITO',21),
(915,'68679','SAN GIL',21),
(916,'68682','SAN JOAQUIN',21),
(917,'68684','SAN JOSE DE MIRANDA',21),
(918,'68686','SAN MIGUEL',21),
(919,'68689','SAN VICENTE DE CHUCURI',21),
(920,'68705','SANTA BARBARA',21),
(921,'68720','SANTA HELENA DEL OPON',21),
(922,'68745','SIMACOTA',21),
(923,'68755','SOCORRO',21),
(924,'68770','SUAITA',21),
(925,'68773','SUCRE',21),
(926,'68780','SURATA',21),
(927,'68820','TONA',21),
(928,'68855','VALLE DE SAN JOSE',21),
(929,'68861','VELEZ',21),
(930,'68867','VETAS',21),
(931,'68872','VILLANUEVA',21),
(932,'68895','ZAPATOCA',21),
(933,'70001','SINCELEJO',22),
(934,'70110','BUENAVISTA',22),
(935,'70124','CAIMITO',22),
(936,'70204','COLOSO',22),
(937,'70215','COROZAL',22),
(938,'70221','COVEÑAS',22),
(939,'70230','CHALAN',22),
(940,'70233','EL ROBLE',22),
(941,'70235','GALERAS',22),
(942,'70265','GUARANDA',22),
(943,'70400','LA UNION',22),
(944,'70418','LOS PALMITOS',22),
(945,'70429','MAJAGUAL',22),
(946,'70473','MORROA',22),
(947,'70508','OVEJAS',22),
(948,'70523','PALMITO',22),
(949,'70670','SAMPUES',22),
(950,'70678','SAN BENITO ABAD',22),
(951,'70702','SAN JUAN DE BETULIA',22),
(952,'70708','SAN MARCOS',22),
(953,'70713','SAN ONOFRE',22),
(954,'70717','SAN PEDRO',22),
(955,'70742','SAN LUIS DE SINCE',22),
(956,'70771','SUCRE',22),
(957,'70820','SANTIAGO DE TOLU',22),
(958,'70823','TOLU VIEJO',22),
(959,'73001','IBAGUE',23),
(960,'73024','ALPUJARRA',23),
(961,'73026','ALVARADO',23),
(962,'73030','AMBALEMA',23),
(963,'73043','ANZOATEGUI',23),
(964,'73055','ARMERO',23),
(965,'73067','ATACO',23),
(966,'73124','CAJAMARCA',23),
(967,'73148','CARMEN DE APICALA',23),
(968,'73152','CASABIANCA',23),
(969,'73168','CHAPARRAL',23),
(970,'73200','COELLO',23),
(971,'73217','COYAIMA',23),
(972,'73226','CUNDAY',23),
(973,'73236','DOLORES',23),
(974,'73268','ESPINAL',23),
(975,'73270','FALAN',23),
(976,'73275','FLANDES',23),
(977,'73283','FRESNO',23),
(978,'73319','GUAMO',23),
(979,'73347','HERVEO',23),
(980,'73349','HONDA',23),
(981,'73352','ICONONZO',23),
(982,'73408','LERIDA',23),
(983,'73411','LIBANO',23),
(984,'73443','MARIQUITA',23),
(985,'73449','MELGAR',23),
(986,'73461','MURILLO',23),
(987,'73483','NATAGAIMA',23),
(988,'73504','ORTEGA',23),
(989,'73520','PALOCABILDO',23),
(990,'73547','PIEDRAS',23),
(991,'73555','PLANADAS',23),
(992,'73563','PRADO',23),
(993,'73585','PURIFICACION',23),
(994,'73616','RIOBLANCO',23),
(995,'73622','RONCESVALLES',23),
(996,'73624','ROVIRA',23),
(997,'73671','SALDAÑA',23),
(998,'73675','SAN ANTONIO',23),
(999,'73678','SAN LUIS',23),
(1000,'73686','SANTA ISABEL',23),
(1001,'73770','SUAREZ',23),
(1002,'73854','VALLE DE SAN JUAN',23),
(1003,'73861','VENADILLO',23),
(1004,'73870','VILLAHERMOSA',23),
(1005,'73873','VILLARRICA',23),
(1006,'76001','CALI',24),
(1007,'76020','ALCALA',24),
(1008,'76036','ANDALUCIA',24),
(1009,'76041','ANSERMANUEVO',24),
(1010,'76054','ARGELIA',24),
(1011,'76100','BOLIVAR',24),
(1012,'76109','BUENAVENTURA',24),
(1013,'76111','GUADALAJARA DE BUGA',24),
(1014,'76113','BUGALAGRANDE',24),
(1015,'76122','CAICEDONIA',24),
(1016,'76126','CALIMA',24),
(1017,'76130','CANDELARIA',24),
(1018,'76147','CARTAGO',24),
(1019,'76233','DAGUA',24),
(1020,'76243','EL AGUILA',24),
(1021,'76246','EL CAIRO',24),
(1022,'76248','EL CERRITO',24),
(1023,'76250','EL DOVIO',24),
(1024,'76275','FLORIDA',24),
(1025,'76306','GINEBRA',24),
(1026,'76318','GUACARI',24),
(1027,'76364','JAMUNDI',24),
(1028,'76377','LA CUMBRE',24),
(1029,'76400','LA UNION',24),
(1030,'76403','LA VICTORIA',24),
(1031,'76497','OBANDO',24),
(1032,'76520','PALMIRA',24),
(1033,'76563','PRADERA',24),
(1034,'76606','RESTREPO',24),
(1035,'76616','RIOFRIO',24),
(1036,'76622','ROLDANILLO',24),
(1037,'76670','SAN PEDRO',24),
(1038,'76736','SEVILLA',24),
(1039,'76823','TORO',24),
(1040,'76828','TRUJILLO',24),
(1041,'76834','TULUA',24),
(1042,'76845','ULLOA',24),
(1043,'76863','VERSALLES',24),
(1044,'76869','VIJES',24),
(1045,'76890','YOTOCO',24),
(1046,'76892','YUMBO',24),
(1047,'76895','ZARZAL',24),
(1048,'81001','ARAUCA',25),
(1049,'81065','ARAUQUITA',25),
(1050,'81220','CRAVO NORTE',25),
(1051,'81300','FORTUL',25),
(1052,'81591','PUERTO RONDON',25),
(1053,'81736','SARAVENA',25),
(1054,'81794','TAME',25),
(1055,'85001','YOPAL',26),
(1056,'85010','AGUAZUL',26),
(1057,'85015','CHAMEZA',26),
(1058,'85125','HATO COROZAL',26),
(1059,'85136','LA SALINA',26),
(1060,'85139','MANI',26),
(1061,'85162','MONTERREY',26),
(1062,'85225','NUNCHIA',26),
(1063,'85230','OROCUE',26),
(1064,'85250','PAZ DE ARIPORO',26),
(1065,'85263','PORE',26),
(1066,'85279','RECETOR',26),
(1067,'85300','SABANALARGA',26),
(1068,'85315','SACAMA',26),
(1069,'85325','SAN LUIS DE PALENQUE',26),
(1070,'85400','TAMARA',26),
(1071,'85410','TAURAMENA',26),
(1072,'85430','TRINIDAD',26),
(1073,'85440','VILLANUEVA',26),
(1074,'86001','MOCOA',27),
(1075,'86219','COLON',27),
(1076,'86320','ORITO',27),
(1077,'86568','PUERTO ASIS',27),
(1078,'86569','PUERTO CAICEDO',27),
(1079,'86571','PUERTO GUZMAN',27),
(1080,'86573','LEGUIZAMO',27),
(1081,'86749','SIBUNDOY',27),
(1082,'86755','SAN FRANCISCO',27),
(1083,'86757','SAN MIGUEL',27),
(1084,'86760','SANTIAGO',27),
(1085,'86865','VALLE DEL GUAMUEZ',27),
(1086,'86885','VILLAGARZON',27),
(1087,'88001','SAN ANDRES',28),
(1088,'88564','PROVIDENCIA',28),
(1089,'91001','LETICIA',29),
(1090,'91263','EL ENCANTO (CD)',29),
(1091,'91405','LA CHORRERA (CD)',29),
(1092,'91407','LA PEDRERA (CD)',29),
(1093,'91430','LA VICTORIA (CD)',29),
(1094,'91460','MIRITI - PARANA (CD)',29),
(1095,'91530','PUERTO ALEGRIA (CD)',29),
(1096,'91536','PUERTO ARICA (CD)',29),
(1097,'91540','PUERTO NARIÑO',29),
(1098,'91669','PUERTO SANTANDER (CD)',29),
(1099,'91798','TARAPACA (CD)',29),
(1100,'94001','INIRIDA',30),
(1101,'94343','BARRANCO MINAS (CD)',30),
(1102,'94663','MAPIRIPANA (CD)',30),
(1103,'94883','SAN FELIPE (CD)',30),
(1104,'94884','PUERTO COLOMBIA (CD)',30),
(1105,'94885','LA GUADALUPE (CD)',30),
(1106,'94886','CACAHUAL (CD)',30),
(1107,'94887','PANA PANA (CD)',30),
(1108,'94888','MORICHAL (CD)',30),
(1109,'95001','SAN JOSE DEL GUAVIARE',31),
(1110,'95015','CALAMAR',31),
(1111,'95025','EL RETORNO',31),
(1112,'95200','MIRAFLORES',31),
(1113,'97001','MITU',32),
(1114,'97161','CARURU',32),
(1115,'97511','PACOA (CD)',32),
(1116,'97666','TARAIRA',32),
(1117,'97777','PAPUNAUA (CD)',32),
(1118,'97889','YAVARATE (CD)',32),
(1119,'99001','PUERTO CARREÑO',33),
(1120,'99524','LA PRIMAVERA',33),
(1121,'99624','SANTA ROSALIA',33),
(1122,'99773','CUMARIBO',33);
ALTER SEQUENCE departamentos_id_seq RESTART WITH 1123;

INSERT INTO tipos_pq (nombre, dias_habiles_respuesta) VALUES
('Queja', 15),
('Petición', 15),
('Reclamo', 15),
('Sugerencia', 21),
('Denuncia', 15);
